Title,Date,Rating,Review
Cafe Aylanto,2024-01-15,4.5,"Excellent ambiance and continental cuisine. The grilled salmon was perfectly cooked."
Butt Karahi,2024-01-16,4.2,"Authentic Pakistani karahi with amazing flavors. Must try their mutton karahi."
Cosa Nostra,2024-01-17,4.3,"Great Italian food in Lahore. The pasta arrabiata was delicious."
Haveli Restaurant,2024-01-18,4.0,"Beautiful traditional setting with good Pakistani food. The rooftop view is stunning."
Salt'n Pepper Village,2024-01-19,4.1,"Decent buffet spread with variety. The dessert section was impressive."
Café Zouk,2024-01-20,4.4,"Trendy spot with good continental menu. The burgers are particularly good."
Yum Chinese & Thai,2024-01-21,4.0,"Good Chinese food with authentic flavors. The hot and sour soup was excellent."
Bundu Khan,2024-01-22,4.3,"Famous for their BBQ and traditional Pakistani dishes. Great seekh kebabs."
Gloria Jean's Coffees,2024-01-23,3.8,"Nice coffee shop for casual meetings. The iced coffee was refreshing."
Jalal Sons,2024-01-24,4.2,"Traditional sweets shop with excellent gulab jamun and other mithai."
Al-Baba Restaurant,2024-01-25,3.9,"Good Middle Eastern food. The hummus and falafel were authentic."
Cooco's Den,2024-01-26,4.5,"Historic restaurant with amazing Pakistani cuisine. The ambiance is unique."
McDonald's DHA,2024-01-27,3.7,"Standard McDonald's experience. Good for quick fast food cravings."
KFC Gulberg,2024-01-28,3.8,"Crispy chicken as expected. The Zinger burger was spicy and tasty."
Pizza Hut MM Alam,2024-01-29,3.6,"Decent pizza but could be better. The stuffed crust was good."
Subway Liberty,2024-01-30,3.5,"Fresh sandwiches with good customization options. Healthy fast food choice."
Howdy,2024-01-31,4.1,"Great steaks and continental food. The grilled chicken was tender."
Des Pardes,2024-02-01,4.0,"Good Pakistani cuisine with traditional flavors. The biryani was aromatic."
Ginsoy,2024-02-02,4.2,"Excellent Chinese and Thai food. The pad thai was authentic."
Espresso,2024-02-03,4.0,"Nice café atmosphere with good coffee and light meals."
Arcadian Café,2024-02-04,4.1,"Great breakfast spot with continental options. The pancakes were fluffy."
Nando's,2024-02-05,4.0,"Peri-peri chicken with good spice levels. The butterfly chicken was juicy."
Dunkin' Donuts,2024-02-06,3.7,"Fresh donuts and good coffee. The glazed donuts were sweet."
Baskin Robbins,2024-02-07,3.9,"Wide variety of ice cream flavors. The chocolate chip was creamy."
English Tea House,2024-02-08,4.2,"Elegant tea service with good pastries. The afternoon tea set was lovely."
Dynasty Restaurant,2024-02-09,4.0,"Upscale Chinese dining with good service. The sweet and sour pork was tasty."
Sakura Japanese,2024-02-10,4.3,"Authentic Japanese cuisine. The sushi rolls were fresh and well-made."
Patisserie,2024-02-11,4.1,"Excellent bakery with French pastries. The croissants were buttery."
Red Onion,2024-02-12,3.8,"Casual dining with mixed menu. The grilled fish was well-seasoned."
Village Restaurant,2024-02-13,4.0,"Traditional Pakistani setting with good local food. The daal was perfect."
Usmania Restaurant,2024-02-14,4.2,"Famous for traditional Pakistani breakfast. The halwa puri was excellent."
Fortress Stadium,2024-02-15,3.9,"Sports bar with good finger food. The chicken wings were crispy."
Hot Spot,2024-02-16,4.0,"Popular for BBQ and grilled items. The beef boti was tender."
Layers Bakery,2024-02-17,4.1,"Good bakery items and cakes. The red velvet cake was moist."
Chef's Table,2024-02-18,4.4,"Fine dining experience with innovative menu. The lamb chops were perfect."
Jade Café,2024-02-19,3.8,"Cozy café with good snacks. The club sandwich was filling."
Monal Restaurant,2024-02-20,4.3,"Scenic location with good Pakistani food. The karahi was flavorful."
Desi Chatkhara,2024-02-21,4.0,"Street food in restaurant setting. The gol gappay were authentic."
Cuckoo's Den,2024-02-22,4.2,"Historic charm with traditional Pakistani cuisine. The chicken tikka was smoky."
The Pantry,2024-02-23,3.9,"Good continental breakfast spot. The eggs benedict were well-made."
Karachi Darbar,2024-02-24,4.1,"Authentic Pakistani food with good portions. The biryani was aromatic."
Lebanese Restaurant,2024-02-25,4.0,"Good Middle Eastern cuisine. The shawarma was well-spiced."
China Town,2024-02-26,3.8,"Decent Chinese food with large portions. The fried rice was tasty."
Polo Lounge,2024-02-27,4.2,"Upscale dining with good service. The continental menu was impressive."
Salt'n Pepper Express,2024-02-28,3.7,"Quick service version with good fast food. The chicken burger was crispy."
Tandoor Hut,2024-03-01,4.0,"Good tandoor items and naan. The chicken tikka was well-marinated."
Café Barbera,2024-03-02,3.9,"Italian coffee shop with good espresso. The cappuccino was creamy."
Food Street Fort Road,2024-03-03,4.1,"Traditional food street experience. The variety of local dishes was great."
Shinwari Restaurant,2024-03-04,4.2,"Authentic Pathan cuisine. The lamb karahi was spicy and delicious."
German Doner Kebab,2024-03-05,3.8,"Good doner kebabs with fresh ingredients. The chicken doner was tasty."
Pizza Point,2024-03-06,3.6,"Local pizza chain with decent taste. The chicken tikka pizza was good."
Café Upstairs,2024-03-07,4.0,"Cozy upper-floor café with good ambiance. The coffee was strong."
Bismillah Restaurant,2024-03-08,4.1,"Traditional Pakistani food with authentic flavors. The nihari was rich."
Johnny & Jugnu,2024-03-09,3.9,"Good burgers and fries. The beef burger was juicy."
Café Veranda,2024-03-10,4.0,"Nice outdoor seating with good continental food. The pasta was al dente."
Chaman Ice Cream,2024-03-11,4.2,"Famous local ice cream parlor. The kulfi was creamy and authentic."
Royal Garden,2024-03-12,3.8,"Family restaurant with Pakistani cuisine. The chicken curry was mild."
Tehzeeb Bakers,2024-03-13,4.0,"Good bakery with fresh items. The dinner rolls were soft."
Café Crunch,2024-03-14,3.7,"Casual café with light snacks. The sandwiches were fresh."
Paradise Restaurant,2024-03-15,4.1,"Good Pakistani food with reasonable prices. The dal makhni was creamy."
Café Nishat,2024-03-16,3.9,"Traditional setting with Pakistani cuisine. The kebabs were well-grilled."
Delhi Darbar,2024-03-17,4.0,"Indian cuisine with authentic spices. The butter chicken was rich."
Rina's Kitchenette,2024-03-18,4.2,"Home-style cooking with good flavors. The beef stew was hearty."
Café Primo,2024-03-19,3.8,"Good coffee and light meals. The chicken club was satisfying."
Andaaz Restaurant,2024-03-20,4.1,"Elegant dining with Pakistani cuisine. The mutton curry was tender."
Café Corner,2024-03-21,3.7,"Neighborhood café with basic menu. The tea was perfectly brewed."
Copper Kettle,2024-03-22,4.0,"English-style café with good breakfast. The full English was authentic."
Café Lazeez,2024-03-23,4.2,"Pakistani cuisine with traditional flavors. The chicken biryani was fragrant."
Café Mushroom,2024-03-24,3.9,"Unique café with mushroom specialties. The mushroom soup was creamy."
Royal Kitchen,2024-03-25,4.0,"Family restaurant with varied menu. The Chinese fried rice was good."
Café Delight,2024-03-26,3.8,"Simple café with good service. The chicken sandwich was fresh."
Spice Bazaar,2024-03-27,4.1,"Authentic Pakistani spices in food. The karahi gosht was flavorful."
Café Express,2024-03-28,3.7,"Quick service café with basic menu. The burgers were decent."
Golden Restaurant,2024-03-29,4.0,"Chinese cuisine with good portions. The sweet and sour chicken was tasty."
Café Aroma,2024-03-30,3.9,"Good coffee shop with pastries. The croissants were buttery."
Dumpukht,2024-03-31,4.3,"Fine dining Pakistani cuisine. The slow-cooked mutton was tender."
Café Metro,2024-04-01,3.8,"Urban café with continental menu. The club sandwich was filling."
Spice Garden,2024-04-02,4.1,"Good Pakistani and Chinese food. The chicken manchurian was saucy."
Café Moments,2024-04-03,3.9,"Cozy café with good ambiance. The cappuccino was well-made."
Taste Buds,2024-04-04,4.0,"Mixed cuisine with good variety. The beef stroganoff was creamy."
Café Boulevard,2024-04-05,3.8,"Roadside café with outdoor seating. The chicken tikka roll was spicy."
Flavors Restaurant,2024-04-06,4.1,"Multi-cuisine restaurant with good service. The lamb curry was aromatic."
Café Central,2024-04-07,3.7,"Central location with basic menu. The tea and samosas were good."
Masala Craft,2024-04-08,4.2,"Artisan Pakistani cuisine with creative presentation. The seekh kebab was smoky."
Café Retreat,2024-04-09,3.9,"Quiet café perfect for work. The coffee was strong and the wifi reliable."
Spice Route,2024-04-10,4.0,"Journey through Pakistani flavors. The chicken karahi was authentic."
Café Fusion,2024-04-11,3.8,"Fusion menu with interesting combinations. The chicken pasta was creamy."
Royal Taste,2024-04-12,4.1,"Traditional Pakistani with royal presentation. The mutton biryani was fragrant."
Café Oasis,2024-04-13,3.9,"Desert-themed café with Middle Eastern touches. The hummus was smooth."
Spice Junction,2024-04-14,4.0,"Where spices meet flavor. The beef curry was well-seasoned."
Café Serene,2024-04-15,3.8,"Peaceful atmosphere with light menu. The fruit salad was fresh."
Flavor Town,2024-04-16,4.1,"Bold flavors in every dish. The chicken tikka masala was rich."
Café Breeze,2024-04-17,3.9,"Airy café with good ventilation. The iced coffee was refreshing."
Spice Affair,2024-04-18,4.0,"Passionate about Pakistani spices. The lamb curry was tender."
Café Harmony,2024-04-19,3.8,"Harmonious blend of flavors. The mixed grill was well-cooked."
Taste Paradise,2024-04-20,4.2,"Paradise for taste buds. The chicken biryani was perfectly spiced."
Café Bliss,2024-04-21,3.9,"Blissful dining experience. The chocolate cake was decadent."
Spice Symphony,2024-04-22,4.1,"Symphony of Pakistani spices. The beef karahi was melodious."
Café Zen,2024-04-23,3.8,"Zen-like calm with good food. The green tea was soothing."
Flavor Fusion,2024-04-24,4.0,"Fusion of traditional and modern. The chicken pasta was innovative."
Café Serenity,2024-04-25,3.9,"Serene environment with good service. The herbal tea was calming."
Spice Magic,2024-04-26,4.2,"Magical blend of spices. The mutton curry was enchanting."
Café Dreams,2024-04-27,3.8,"Dreamy atmosphere with good coffee. The latte art was beautiful."
Taste Voyage,2024-04-28,4.1,"Voyage through flavors. The seafood platter was fresh."
Café Vista,2024-04-29,3.9,"Great view with good food. The chicken salad was healthy."
Spice Carnival,2024-04-30,4.0,"Carnival of spices and flavors. The mixed kebab platter was diverse."
BBQ Tonight,2024-05-01,4.3,"Famous BBQ chain with consistent quality. The seekh kebabs were juicy."
Café Elegance,2024-05-02,3.8,"Elegant setting with refined menu. The fish was delicately prepared."
Spice Heritage,2024-05-03,4.1,"Heritage recipes with authentic taste. The chicken curry was traditional."
Café Charm,2024-05-04,3.9,"Charming little café with personality. The homemade cookies were sweet."
Taste Tradition,2024-05-05,4.2,"Traditional recipes passed down generations. The daal was like grandma's."
Café Wonder,2024-05-06,3.8,"Wonderful experience every time. The breakfast platter was complete."
Spice Treasure,2024-05-07,4.0,"Treasure trove of Pakistani spices. The lamb biryani was aromatic."
Café Delight,2024-05-08,3.9,"Delightful experience with good service. The pasta was al dente."
Flavor Quest,2024-05-09,4.1,"Quest for the perfect flavor. The chicken tikka was smoky."
Café Bliss,2024-05-10,3.8,"Blissful moments with good coffee. The cheesecake was creamy."
Wok This Way,2024-05-11,4.0,"Creative Chinese cuisine with a twist. The kung pao chicken had the right kick."
Café Solitude,2024-05-12,3.9,"Perfect for quiet moments. The book corner and coffee were perfect companions."
Spice Kingdom,2024-05-13,4.2,"Kingdom of spices and flavors. The royal mutton was fit for a king."
Café Mosaic,2024-05-14,3.8,"Mosaic of flavors and cultures. The Mediterranean platter was authentic."
Taste Artisan,2024-05-15,4.1,"Artisan approach to Pakistani cuisine. The handmade naan was perfect."
Café Infinity,2024-05-16,3.9,"Infinite possibilities in every dish. The fusion burger was creative."
Spice Odyssey,2024-05-17,4.0,"Odyssey through Pakistani spice routes. The beef karahi was adventurous."
Café Poetry,2024-05-18,3.8,"Poetry in every bite. The literary-themed menu was creative."
Flavor Canvas,2024-05-19,4.2,"Canvas of flavors painted beautifully. The presentation was artistic."
Café Whispers,2024-05-20,3.9,"Whispers of good taste. The quiet ambiance was perfect for conversation."
Spice Melody,2024-05-21,4.1,"Melody of spices in harmony. The chicken curry sang with flavor."
Café Memories,2024-05-22,3.8,"Creating memories with every meal. The nostalgic décor was charming."
Taste Chronicle,2024-05-23,4.0,"Chronicle of Pakistani culinary history. The traditional recipes were authentic."
Café Moments,2024-05-24,3.9,"Capturing moments over good food. The photo-worthy presentation was Instagram-ready."
Spice Sanctuary,2024-05-25,4.2,"Sanctuary for spice lovers. The prayer-like silence was broken only by satisfied sighs."
Café Wanderlust,2024-05-26,3.8,"Wanderlust satisfied through flavors. The travel-themed menu was inspiring."
Flavor Diary,2024-05-27,4.1,"Diary of memorable flavors. Each dish told a story."
Café Euphoria,2024-05-28,3.9,"Euphoric feelings with every bite. The happy atmosphere was contagious."
Spice Rhapsody,2024-05-29,4.0,"Rhapsody of Pakistani spices. The musical names for dishes were clever."
Café Tranquil,2024-05-30,3.8,"Tranquil dining experience. The peaceful garden setting was therapeutic."
Taste Revelations,2024-05-31,4.2,"Revelations in every dish. The innovative Pakistani fusion was enlightening."
Café Seasons,2024-06-01,3.9,"Seasonal menu changes keep it fresh. The summer special drinks were cooling."
Spice Tapestry,2024-06-02,4.1,"Tapestry woven with Pakistani spices. The complex flavor layers were impressive."
Café Reflections,2024-06-03,3.8,"Reflections of good taste. The mirror-walled interior doubled the visual appeal."
Flavor Renaissance,2024-06-04,4.0,"Renaissance of Pakistani cuisine. The modern twist on classics was refreshing."
Café Horizons,2024-06-05,3.9,"Expanding horizons through food. The international Pakistani fusion was bold."
Spice Chronicles,2024-06-06,4.2,"Chronicles of spice trade routes. The historical menu descriptions were educational."
Café Serendipity,2024-06-07,3.8,"Serendipitous discoveries in every meal. The surprise element was delightful."
Taste Innovations,2024-06-08,4.1,"Innovative approaches to traditional taste. The molecular gastronomy was impressive."
Café Nostalgia,2024-06-09,3.9,"Nostalgic trip through comfort food. The childhood favorites were expertly recreated."
Spice Laboratory,2024-06-10,4.0,"Laboratory for spice experiments. The scientific approach to flavoring was unique."
Café Inspirations,2024-06-11,3.8,"Inspirations drawn from global cuisines. The creative fusion was thought-provoking."
Flavor Architects,2024-06-12,4.2,"Architects of flavor structures. The carefully constructed taste profiles were masterful."
Al-Rehman Restaurant,2024-01-15,4.1,"Traditional Pakistani cuisine with authentic flavors. The chicken karahi was exceptional."
Khan BBQ House,2024-01-16,4.0,"Great BBQ with smoky flavors. The beef seekh kebabs were perfectly grilled."
Mughal Darbar,2024-01-17,4.2,"Royal Mughlai cuisine with rich gravies. The mutton korma was fit for royalty."
Shalimar Restaurant,2024-01-18,3.9,"Classic Pakistani dishes with good taste. The biryani had perfect rice texture."
Lahore Chatkhara,2024-01-19,4.1,"Street food flavors in restaurant setting. The chaat was tangy and fresh."
Punjab Restaurant,2024-01-20,4.0,"Authentic Punjabi cuisine with hearty portions. The sarson ka saag was creamy."
Karachi Foods,2024-01-21,3.8,"Karachi-style cooking with spicy flavors. The nihari was rich and aromatic."
Islamabad Hotel,2024-01-22,4.2,"Multi-cuisine restaurant with good variety. The Chinese section was surprisingly good."
Pak Tea House,2024-01-23,4.3,"Historic literary café with traditional ambiance. The chai and samosas were perfect."
Food Junction,2024-01-24,3.7,"Casual dining with mixed menu. The chicken burger was decent."
Spice Route Lahore,2024-01-25,4.1,"Journey through Pakistani spice routes. The lamb curry was well-spiced."
Desi Tadka,2024-01-26,4.0,"Homestyle Pakistani cooking. The daal tadka was comfort food at its best."
Royal Cuisine,2024-01-27,4.2,"Upscale Pakistani dining. The presentation was as good as the taste."
Taste of Punjab,2024-01-28,3.9,"Authentic Punjabi flavors. The makki di roti was perfectly made."
Lahore Dera,2024-01-29,4.1,"Traditional dera-style cooking. The mutton hundi was cooked to perfection."
Spicy Affairs,2024-01-30,4.0,"For those who love heat. The extra spicy chicken was a challenge worth taking."
Garden Restaurant,2024-01-31,3.8,"Outdoor dining with garden setting. The fresh air enhanced the dining experience."
Mehfil Restaurant,2024-02-01,4.2,"Mehfil atmosphere with live music. The food quality matched the ambiance."
Zaiqa Restaurant,2024-02-02,4.1,"Living up to its name with great zaiqa. The mixed grill was a flavor explosion."
Continental Café,2024-02-03,3.9,"Continental cuisine with Pakistani touch. The fusion was well-balanced."
Lahore Fort View,2024-02-04,4.0,"Dining with a view of the historic fort. The ambiance was unforgettable."
Tandoori Nights,2024-02-05,4.2,"Tandoori specialties cooked to perfection. The naan bread was soft and warm."
Curry House,2024-02-06,3.8,"Various curry options with different spice levels. The mild chicken curry was creamy."
BBQ King,2024-02-07,4.1,"King of BBQ with royal treatment. The mixed platter was generous."
Café Lahore,2024-02-08,3.9,"Café culture with Pakistani twist. The coffee and cake combination was delightful."
Spice Garden Restaurant,2024-02-09,4.0,"Garden setting with aromatic spices. The herb-crusted fish was fresh."
Mughal Palace,2024-02-10,4.3,"Palace-like setting with Mughal cuisine. The shahi tukda was a royal dessert."
Lahore Delights,2024-02-11,3.8,"Delightful experience every time. The customer service was exceptional."
Traditional Flavors,2024-02-12,4.1,"Preserving traditional Pakistani flavors. The grandmother's recipe daal was authentic."
Spice Merchant,2024-02-13,4.0,"Merchant of fine spices and flavors. The garam masala blend was perfect."
Café Heritage,2024-02-14,3.9,"Heritage recipes in modern setting. The old-world charm was preserved."
Flavor Express,2024-02-15,3.7,"Quick service without compromising taste. The express biryani was surprisingly good."
Royal Garden Restaurant,2024-02-16,4.2,"Royal treatment in garden setting. The outdoor seating was comfortable."
Spice Bazaar Restaurant,2024-02-17,4.1,"Bazaar atmosphere with authentic spices. The shopping-while-dining concept was unique."
Café Tradition,2024-02-18,3.8,"Keeping traditions alive through food. The cultural presentation was educational."
Taste Makers,2024-02-19,4.0,"Making taste memorable. The signature dishes were truly special."
Lahore Kitchen,2024-02-20,3.9,"Home kitchen flavors in restaurant. The comfort food was genuinely comforting."
Spice Symphony Restaurant,2024-02-21,4.2,"Symphony of spices in every dish. The harmony of flavors was impressive."
Café Memories,2024-02-22,3.8,"Creating food memories. The nostalgic menu brought back childhood flavors."
Flavor Factory,2024-02-23,4.1,"Factory of fine flavors. The mass production didn't affect quality."
Traditional Taste,2024-02-24,4.0,"Traditional taste preserved. The authentic recipes were well-maintained."
Spice World,2024-02-25,3.9,"World of spices under one roof. The variety was overwhelming in a good way."
Café Culture,2024-02-26,3.8,"Promoting café culture in Lahore. The European ambiance was well-created."
Royal Flavors,2024-02-27,4.2,"Royal flavors for common people. The accessible luxury was appreciated."
Spice Corner,2024-02-28,4.1,"Corner shop with premium spices. The small space had big flavors."
Taste Tradition Restaurant,2024-03-01,3.9,"Restaurant preserving taste traditions. The family recipes were honored."
Lahore Nights,2024-03-02,4.0,"Perfect for evening dining. The night ambiance was romantic."
Spice Route Express,2024-03-03,3.8,"Express service on the spice route. The quick delivery maintained quality."
Café Elegance,2024-03-04,4.2,"Elegant dining experience. The sophisticated menu matched the décor."
Flavor Journey,2024-03-05,4.1,"Journey through Pakistani flavors. Each dish was a different destination."
Traditional Kitchen,2024-03-06,3.9,"Kitchen serving traditional recipes. The home-style cooking was authentic."
Spice Heritage Restaurant,2024-03-07,4.0,"Heritage of spices celebrated. The historical significance was explained well."
Café Atmosphere,2024-03-08,3.8,"Great atmosphere for casual dining. The mood lighting was perfect."
Taste Chronicles,2024-03-09,4.2,"Chronicles of Pakistani taste. The storytelling through food was creative."
Lahore Flavors,2024-03-10,4.1,"Flavors that define Lahore. The local specialties were well-represented."
Spice Artisan,2024-03-11,3.9,"Artisan approach to spice blending. The craftsmanship was evident in taste."
Café Comfort,2024-03-12,3.8,"Comfort food in comfortable setting. The cozy atmosphere was welcoming."
Royal Kitchen Restaurant,2024-03-13,4.0,"Royal kitchen recipes for all. The democratization of luxury cuisine was noble."
Spice Sanctuary,2024-03-14,4.2,"Sanctuary for spice lovers. The peaceful environment enhanced the experience."
Traditional Delights,2024-03-15,4.1,"Delights from traditional recipes. The ancestral cooking methods were preserved."
Café Nostalgia,2024-03-16,3.9,"Nostalgic trip through food memories. The vintage décor complemented the menu."
Flavor Craft,2024-03-17,3.8,"Crafting flavors with care. The attention to detail was remarkable."
Lahore Express,2024-03-18,4.0,"Express service with Lahore flavors. The speed didn't compromise authenticity."
Spice Magic Restaurant,2024-03-19,4.2,"Magic happens with the right spices. The transformation of simple ingredients was magical."
Café Tranquility,2024-03-20,3.9,"Tranquil dining experience. The peaceful environment aided digestion."
Taste Buds Restaurant,2024-03-21,4.1,"Satisfying every taste bud. The variety ensured something for everyone."
Traditional Spice,2024-03-22,3.8,"Traditional spice blends preserved. The ancient recipes were well-maintained."
Spice Celebration,2024-03-23,4.0,"Celebrating the culture of spices. The festive atmosphere was infectious."
Café Serenity,2024-03-24,3.9,"Serene environment for peaceful dining. The calm ambiance was therapeutic."
Royal Taste Restaurant,2024-03-25,4.2,"Royal taste accessible to all. The democratic approach to fine dining was appreciated."
Spice Harmony,2024-03-26,4.1,"Harmony achieved through spice balance. The chef's expertise was evident."
Traditional Café,2024-03-27,3.8,"Café with traditional values. The respect for heritage was commendable."
Flavor Paradise,2024-03-28,4.0,"Paradise for flavor seekers. The variety was heavenly."
Lahore Spice,2024-03-29,3.9,"Spices that define Lahore cuisine. The local sourcing was authentic."
Café Peaceful,2024-03-30,3.8,"Peaceful dining away from city chaos. The quiet location was perfect for relaxation."
Royal Spice Kitchen,2024-03-31,4.2,"Royal spice kitchen recipes. The regal presentation matched the taste."
Traditional Feast,2024-04-01,4.1,"Feast of traditional flavors. The generous portions were appreciated."
Spice Dreams,2024-04-02,3.9,"Dreams come true for spice lovers. The passionate cooking was evident."
Café Harmony,2024-04-03,3.8,"Harmony in food and atmosphere. The balanced approach was refreshing."
Taste Heritage,2024-04-04,4.0,"Heritage preserved through taste. The cultural significance was well-explained."
Lahore Traditional,2024-04-05,4.2,"Traditional Lahore at its best. The authenticity was unquestionable."
Spice Passion,2024-04-06,4.1,"Passionate about perfect spicing. The dedication to quality was evident."
Café Bliss,2024-04-07,3.9,"Blissful dining experience. The happiness was contagious."
Royal Heritage Restaurant,2024-04-08,3.8,"Royal heritage preserved in food. The historical recipes were honored."
Spice Tradition,2024-04-09,4.0,"Tradition continued through spices. The generational recipes were maintained."
Traditional Ambiance,2024-04-10,4.2,"Ambiance matching traditional values. The cultural immersion was complete."
Café Elegance Plus,2024-04-11,4.1,"Elegance elevated to next level. The sophisticated service was impeccable."
Flavor Tradition,2024-04-12,3.9,"Tradition expressed through flavors. The storytelling through food was engaging."
Lahore Heritage,2024-04-13,3.8,"Heritage of Lahore on a plate. The city's culinary history was well-represented."
Spice Excellence,2024-04-14,4.0,"Excellence achieved through perfect spicing. The quality control was strict."
Café Tradition Plus,2024-04-15,4.2,"Traditional café concept enhanced. The modern amenities didn't dilute the authenticity."
Royal Tradition,2024-04-16,4.1,"Royal traditions maintained. The respect for heritage was admirable."
Spice Culture,2024-04-17,3.9,"Culture of spices celebrated. The educational aspect was appreciated."
Traditional Excellence,2024-04-18,3.8,"Excellence in traditional cooking. The standards were consistently high."
Café Royal Heritage,2024-04-19,4.0,"Royal heritage in café setting. The fusion of concepts was successful."